sales_outlet_id,total_amount,total_quantity
3,77213.22994607687,23620
5,76894.46998143196,24029
8,79528.2499473691,24109
