week,total_line_item_amount,sales_growth_rate
14,50722.52996826172,0
15,57789.389974057674,13.932388645081103
16,61203.16997182369,5.907278134097805
17,57478.45996493101,-6.085812235881635
