age_group,total_revenue
50+,156377.06992042065
40-49,16972.249993741512
30-39,25156.99997907877
20-29,31329.419983029366
<20,3800.2099986076355
